name,website,email,phone
Premium Clean,https://ukbusinessportal.co.uk/business/premium-clean/,office@premiumclean.co.uk,07774 518219
C.R. Ventilation Services,https://ukbusinessportal.co.uk/business/c-r-ventilation-services/,info@crventilationservices.co.uk,07940983538 / 01747 590387
Everclean Windows,https://ukbusinessportal.co.uk/business/everclean-windows/,evercleanw@gmail.com,07825 426 969
AEG Cleaning Services,https://ukbusinessportal.co.uk/business/aeg-cleaning-services/,info@aegcleaning.co.uk,020 7998 3113
Sussex Flash Clean,https://ukbusinessportal.co.uk/business/sussex-flash-clean/,info@sussexflashclean.com,07415054989
Dublcheck Cleaning Glasgow,https://ukbusinessportal.co.uk/business/dublcheck-cleaning-glasgow/,hello@dublcheckcleaningglasgow.co.uk,0141 370 0504
Eco Angel Cleaning,https://ukbusinessportal.co.uk/business/eco-angel-cleaning/,Ecoangelcleaning1@gmail.com,01392 982880
Apex Cleaning & Organising,https://ukbusinessportal.co.uk/business/apex-cleaning-organising/,info@apex-cleaning.uk,07881705640
We Clean Ltd,https://ukbusinessportal.co.uk/business/we-clean-ltd/,info@wecleanltd.com,0121 453 6191
Oliver’s Cleaning,https://ukbusinessportal.co.uk/business/olivers-cleaning/,info@oliverscleaningltd.co.uk,07512 855825
ClearChoice UK,https://ukbusinessportal.co.uk/business/clearchoice-uk/,info@clearchoiceuk.com,01132 711432
Why Bother Cleaning,https://ukbusinessportal.co.uk/business/why-bother-cleaning/,info@why-bother.co.uk,01273 776056
